"ID","EVENT_CONFIGURATION_VOD__C"
"a4d5E0000008dBpQAI","a4b5E000000025TQAQ"
"a4d5E0000008d8yQAA","a4b5E000000025TQAQ"
"a4d5E0000008d8zQAA","a4b5E000000025TQAQ"
"a4d5E0000008d90QAA","a4b5E000000025TQAQ"
"a4d5E0000008d91QAA","a4b5E000000025TQAQ"
"a4d5E0000008d92QAA","a4b5E000000025TQAQ"
"a4d5E0000008d93QAA","a4b5E000000025TQAQ"
"a4d5E0000008d94QAA","a4b5E000000025TQAQ"
"a4d5E0000008d95QAA","a4b5E000000025TQAQ"
"a4d5E0000008d96QAA","a4b5E000000025TQAQ"
"a4d5E0000008d97QAA","a4b5E000000025TQAQ"
"a4d5E0000008d98QAA","a4b5E000000025TQAQ"
"a4d5E0000008d99QAA","a4b5E000000025TQAQ"
"a4d5E0000008d9AQAQ","a4b5E000000025TQAQ"
"a4d5E0000008d9BQAQ","a4b5E000000025TQAQ"
"a4d5E0000008d9CQAQ","a4b5E000000025TQAQ"
"a4d5E0000008d9DQAQ","a4b5E000000025TQAQ"
"a4d5E0000008d9EQAQ","a4b5E000000025TQAQ"
"a4d5E0000008d9FQAQ","a4b5E000000025TQAQ"
"a4d5E0000008dG9QAI","a4b5E000000025TQAQ"
"a4d5E0000008dGAQAY","a4b5E000000025TQAQ"
"a4d5E0000008dGBQAY","a4b5E000000025TQAQ"
"a4d5E0000008dGCQAY","a4b5E000000025TQAQ"
"a4d5E0000008dGDQAY","a4b5E000000025TQAQ"
"a4d5E0000008dGEQAY","a4b5E000000025TQAQ"
"a4d5E0000008dGFQAY","a4b5E000000025TQAQ"
"a4d5E0000008dGGQAY","a4b5E000000025TQAQ"
"a4d5E0000008dGHQAY","a4b5E000000025TQAQ"
"a4d5E0000008dGIQAY","a4b5E000000025TQAQ"
"a4d5E0000008dGJQAY","a4b5E000000025TQAQ"
"a4d5E0000008dGKQAY","a4b5E000000025TQAQ"
"a4d5E0000008dGLQAY","a4b5E000000025TQAQ"
"a4d5E0000008dGMQAY","a4b5E000000025TQAQ"
"a4d5E0000008dGNQAY","a4b5E000000025TQAQ"
"a4d5E0000008dGOQAY","a4b5E000000025TQAQ"
"a4d5E0000008dGPQAY","a4b5E000000025TQAQ"
"a4d5E0000008dGQQAY","a4b5E000000025TQAQ"
"a4d5E0000008dGRQAY","a4b5E000000025TQAQ"
"a4d5E0000008dGSQAY","a4b5E000000025TQAQ"
"a4d5E0000008dGTQAY","a4b5E000000025TQAQ"
"a4d5E0000008dGUQAY","a4b5E000000025TQAQ"
"a4d5E0000008dGVQAY","a4b5E000000025TQAQ"
"a4d5E0000008dGWQAY","a4b5E000000025TQAQ"
"a4d5E0000008dGXQAY","a4b5E000000025TQAQ"
"a4d5E0000008dGYQAY","a4b5E000000025TQAQ"
"a4d5E0000008dGZQAY","a4b5E000000025TQAQ"
"a4d5E0000008dGaQAI","a4b5E000000025TQAQ"
"a4d5E0000008dGbQAI","a4b5E000000025TQAQ"
"a4d5E0000008dGcQAI","a4b5E000000025TQAQ"
"a4d5E0000008dGdQAI","a4b5E000000025TQAQ"
"a4d5E0000008dGeQAI","a4b5E000000025TQAQ"
"a4d5E0000008dGfQAI","a4b5E000000025TQAQ"
"a4d5E0000008dGgQAI","a4b5E000000025TQAQ"
"a4d5E0000008dGhQAI","a4b5E000000025TQAQ"
"a4d5E0000008dGiQAI","a4b5E000000025TQAQ"
"a4d5E0000008dGjQAI","a4b5E000000025TQAQ"
"a4d5E0000008dGkQAI","a4b5E000000025TQAQ"
"a4d5E0000008dGlQAI","a4b5E000000025TQAQ"
"a4d5E0000008dGmQAI","a4b5E000000025TQAQ"
"a4d5E0000008dGnQAI","a4b5E000000025TQAQ"
"a4d5E0000008dGoQAI","a4b5E000000025TQAQ"
"a4d5E0000008dGpQAI","a4b5E000000025TQAQ"
"a4d5E0000008dGqQAI","a4b5E000000025TQAQ"
"a4d5E0000008dGrQAI","a4b5E000000025TQAQ"
"a4d5E0000008dGsQAI","a4b5E000000025TQAQ"
"a4d5E0000008dGtQAI","a4b5E000000025TQAQ"
"a4d5E0000008dGuQAI","a4b5E000000025TQAQ"
"a4d5E0000008dGvQAI","a4b5E000000025TQAQ"
"a4d5E0000008dGwQAI","a4b5E000000025TQAQ"
"a4d5E0000008dGxQAI","a4b5E000000025TQAQ"
"a4d5E0000008dGyQAI","a4b5E000000025TQAQ"
